Most negative lemmas,Most positive lemmas
"('oath', 1.0)","('snapdragon', 5.0)"
"('shalt', 1.0)","('ife', 5.0)"
"('unprofessionalism', 1.1666666666666667)","('amelia', 5.0)"
"('crusher', 1.2857142857142858)","('quan', 5.0)"
"('argumentative', 1.2941176470588236)","('acupuncture', 4.972222222222222)"
"('authorize', 1.3)","('kent', 4.9411764705882355)"
"('voided', 1.3)","('oratory', 4.9375)"
"('unethical', 1.3513513513513513)","('shavery', 4.933333333333334)"
"('despicable', 1.4)","('physique', 4.923076923076923)"
"('unkind', 1.4)","('lilac', 4.916666666666667)"
"('violently', 1.4285714285714286)","('ariel', 4.9)"
"('disrespectful', 1.4322033898305084)","('lori', 4.895833333333333)"
"('livid', 1.4594594594594594)","('bracken', 4.888888888888889)"
"('negligence', 1.4705882352941178)","('shelly', 4.875)"
"('incompetent', 1.480263157894737)","('noel', 4.857142857142857)"
"('fraud', 1.4901960784313726)","('chaka', 4.857142857142857)"
"('disgusted', 1.4946808510638299)","('simulator', 4.85)"
"('unconcerned', 1.5)","('dexter', 4.842105263157895)"
"('inexcusable', 1.5)","('nougat', 4.833333333333333)"
"('refund', 1.5121621621621621)","('choir', 4.833333333333333)"
"('uneatable', 1.5263157894736843)","('boudoir', 4.823529411764706)"
"('gall', 1.5294117647058822)","('muzzle', 4.8)"
"('disturbingly', 1.5454545454545454)","('moulin', 4.8)"
"('authorization', 1.55)","('tay', 4.8)"
"('discrimination', 1.5555555555555556)","('reina', 4.8)"
"('unprofessional', 1.5593952483801297)","('feline', 4.7894736842105265)"
"('sarcastically', 1.56)","('euphoric', 4.7894736842105265)"
"('incompetence', 1.5614035087719298)","('nationally', 4.769230769230769)"
"('dishwater', 1.5714285714285714)","('limu', 4.764705882352941)"
"('feces', 1.5769230769230769)","('am', 4.75)"
"('unmelted', 1.5833333333333333)","('henna', 4.75)"
"('scum', 1.5925925925925926)","('unrivaled', 4.75)"
"('liar', 1.6041666666666667)","('infectious', 4.7368421052631575)"
"('disgrace', 1.6097560975609757)","('effortless', 4.7368421052631575)"
"('furious', 1.6233766233766234)","('waxer', 4.7272727272727275)"
"('accused', 1.625)","('miraculous', 4.7272727272727275)"
"('carelessness', 1.6363636363636365)","('layman', 4.7272727272727275)"
"('disgraceful', 1.6363636363636365)","('toxin', 4.7272727272727275)"
"('fuming', 1.6428571428571428)","('masterful', 4.72)"
"('deceitful', 1.6470588235294117)","('perfectionist', 4.717391304347826)"
"('bedbug', 1.6538461538461537)","('airbrush', 4.714285714285714)"
"('uncalled', 1.6666666666666667)","('rainfall', 4.7)"
"('scam', 1.6666666666666667)","('thorn', 4.7)"
"('rudely', 1.6712962962962963)","('patel', 4.7)"
"('worst', 1.671424323520666)","('rehabilitation', 4.7)"
"('rancid', 1.681159420289855)","('keepsake', 4.7)"
"('sham', 1.6818181818181819)","('immerse', 4.7)"
"('negligent', 1.6875)","('obedience', 4.6923076923076925)"
"('unhelpful', 1.6893203883495145)","('splinter', 4.6923076923076925)"
"('reimbursement', 1.6923076923076923)","('emulsion', 4.6923076923076925)"
"('oversold', 1.6923076923076923)","('hydration', 4.6875)"
"('compensation', 1.6951219512195121)","('passionate', 4.685)"
"('unacceptable', 1.6981707317073171)","('singh', 4.684210526315789)"
"('unprofessionally', 1.7)","('flores', 4.684210526315789)"
"('unsympathetic', 1.7)","('erika', 4.666666666666667)"
"('retrain', 1.7142857142857142)","('cherish', 4.666666666666667)"
"('supervisor', 1.7198275862068966)","('strapless', 4.666666666666667)"
"('mortified', 1.72)","('pioneer', 4.666666666666667)"
"('twiddling', 1.7272727272727273)","('dune', 4.666666666666667)"
"('apathy', 1.7333333333333334)","('wondrous', 4.666666666666667)"
"('riddance', 1.7333333333333334)","('mosque', 4.666666666666667)"
"('dispute', 1.7333333333333334)","('soulful', 4.666666666666667)"
"('scathing', 1.75)","('knockout', 4.666666666666667)"
"('matte', 1.75)","('spinner', 4.666666666666667)"
"('disrespect', 1.75)","('dedication', 4.6571428571428575)"
"('dispatch', 1.7586206896551724)","('perfecto', 4.647058823529412)"
"('defective', 1.7636363636363637)","('brent', 4.645161290322581)"
"('poisoning', 1.7658730158730158)","('immaculately', 4.642857142857143)"
"('unapologetic', 1.7674418604651163)","('sundrops', 4.636363636363637)"
"('lied', 1.768361581920904)","('teasing', 4.636363636363637)"
"('termination', 1.7692307692307692)","('sublime', 4.627272727272727)"
"('unclean', 1.7692307692307692)","('tammy', 4.627118644067797)"
"('shameful', 1.7741935483870968)","('jo', 4.626865671641791)"
"('disgusting', 1.7861771058315334)","('unity', 4.625)"
"('appalling', 1.7916666666666667)","('cheered', 4.625)"
"('insulting', 1.7924528301886793)","('metropolis', 4.625)"
"('insult', 1.79874213836478)","('transcendent', 4.625)"
"('recourse', 1.8)","('timeless', 4.625)"
"('degrading', 1.8)","('punctual', 4.622641509433962)"
"('marijuana', 1.8)","('veterinary', 4.622222222222222)"
"('cuss', 1.8)","('prefect', 4.621621621621622)"
"('unusable', 1.8)","('amaze', 4.621212121212121)"
"('dispatcher', 1.8076923076923077)","('cruller', 4.619047619047619)"
"('vomiting', 1.8095238095238095)","('cyclist', 4.617647058823529)"
"('cockroach', 1.8113207547169812)","('thoroughness', 4.615384615384615)"
"('horrible', 1.8122582564712884)","('bakeshop', 4.615384615384615)"
"('insincere', 1.8181818181818181)","('impressionist', 4.615384615384615)"
"('decency', 1.8181818181818181)","('effortlessly', 4.611111111111111)"
"('undesirable', 1.8235294117647058)","('colorist', 4.608695652173913)"
"('uncaring', 1.829268292682927)","('masterpiece', 4.606741573033708)"
"('rude', 1.8380322209436133)","('approachable', 4.605633802816901)"
"('rotten', 1.8396946564885497)","('infertility', 4.6)"
"('condescending', 1.8421052631578947)","('cholla', 4.6)"
"('disorganization', 1.85)","('transforming', 4.6)"
"('dismissive', 1.8518518518518519)","('exposition', 4.6)"
"('consign', 1.8571428571428572)","('whey', 4.6)"
"('refusal', 1.8571428571428572)","('luxuriously', 4.6)"
"('rudeness', 1.8602150537634408)","('marvelously', 4.6)"
"('deplorable', 1.8620689655172413)","('spak', 4.6)"
"('smudged', 1.8666666666666667)","('teaze', 4.6)"
"('dishonest', 1.8732394366197183)","('compassionate', 4.597560975609756)"
"('threaten', 1.875)","('meticulous', 4.597222222222222)"
"('grudgingly', 1.875)","('hiro', 4.592592592592593)"
"('hostage', 1.88)","('jess', 4.588235294117647)"
"('inedible', 1.8810289389067525)","('violin', 4.588235294117647)"
"('stank', 1.8823529411764706)","('flawless', 4.5875)"
"('diarrhea', 1.8840579710144927)","('unparalleled', 4.583333333333333)"
"('filthy', 1.8844884488448845)","('worship', 4.583333333333333)"
"('audacity', 1.8870967741935485)","('ecstasy', 4.583333333333333)"
"('thief', 1.893939393939394)","('oversell', 4.583333333333333)"
"('unworthy', 1.9)","('charisma', 4.583333333333333)"
"('arbitrary', 1.9)","('credible', 4.583333333333333)"
"('waive', 1.9)","('fantastico', 4.583333333333333)"
"('flabby', 1.9)","('friendship', 4.580645161290323)"
"('optimism', 1.9)","('seamless', 4.58)"
"('uneducated', 1.903225806451613)","('vee', 4.571428571428571)"
"('cancel', 1.9036827195467423)","('doodle', 4.571428571428571)"
"('reversed', 1.9047619047619047)","('alpine', 4.571428571428571)"
"('rectify', 1.9074074074074074)","('intelligentsia', 4.571428571428571)"
"('thump', 1.9090909090909092)","('unforgettable', 4.5675675675675675)"
"('composite', 1.9090909090909092)","('orgasmic', 4.567164179104478)"
"('blamed', 1.9125)","('communicator', 4.5625)"
"('smirk', 1.9130434782608696)","('dedicate', 4.5625)"
"('greed', 1.9130434782608696)","('halcyon', 4.5625)"
"('correspondence', 1.9166666666666667)","('unmatched', 4.555555555555555)"
"('scummy', 1.9166666666666667)","('unbeatable', 4.552631578947368)"
"('criminal', 1.917808219178082)","('encouragement', 4.551724137931035)"
"('awful', 1.9224088013896932)","('roka', 4.55)"
"('allegiant', 1.9230769230769231)","('exquisite', 4.549295774647887)"
"('documentation', 1.9230769230769231)","('oodles', 4.545454545454546)"
"('harassment', 1.9285714285714286)","('dagger', 4.545454545454546)"
"('stunk', 1.930232558139535)","('basilica', 4.545454545454546)"
"('apology', 1.9303135888501741)","('meditation', 4.545454545454546)"
"('displeasure', 1.9333333333333333)","('fiddle', 4.545454545454546)"
"('pathetic', 1.936842105263158)","('vesper', 4.542857142857143)"
"('marathoner', 1.9375)","('dale', 4.538461538461538)"
"('distasteful', 1.9375)","('forefather', 4.538461538461538)"
"('notify', 1.9375)","('mahogany', 4.538461538461538)"
"('refusing', 1.9387755102040816)","('chippy', 4.538461538461538)"
"('consent', 1.9473684210526316)","('paco', 4.535714285714286)"
"('reimburse', 1.95)","('transform', 4.535714285714286)"
"('salmonella', 1.95)","('nancy', 4.533333333333333)"
"('abomination', 1.9523809523809523)","('filo', 4.533333333333333)"
"('defensive', 1.9523809523809523)","('cacao', 4.533333333333333)"
"('irresponsible', 1.9545454545454546)","('gem', 4.529668956901936)"
"('horrific', 1.9550561797752808)","('seductive', 4.529411764705882)"
"('angrily', 1.9565217391304348)","('magnum', 4.521739130434782)"
"('blankly', 1.9565217391304348)","('attic', 4.520833333333333)"
"('unreliable', 1.9615384615384615)","('expertly', 4.52)"
"('anger', 1.9636363636363636)","('sinfully', 4.518518518518518)"
"('terrible', 1.964968152866242)","('supportive', 4.515151515151516)"
"('bureau', 1.9666666666666666)","('pinball', 4.5144927536231885)"
"('displeased', 1.9736842105263157)","('elaine', 4.513513513513513)"
"('abysmal', 1.98)","('chiropractic', 4.508771929824562)"
"('theft', 1.9814814814814814)","('incredible', 4.505064456721915)"
"('yuck', 1.9860335195530727)","('beth', 4.5)"
"('hurriedly', 2.0)","('consummate', 4.5)"
"('genetically', 2.0)","('derrick', 4.5)"
"('mouthed', 2.0)","('kensington', 4.5)"
"('cheng', 2.0)","('tory', 4.5)"
"('abusive', 2.0)","('invaluable', 4.5)"
"('cussed', 2.0)","('piercer', 4.5)"
"('careless', 2.0)","('limitless', 4.5)"
"('repulsive', 2.0)","('octane', 4.5)"
"('unhappiness', 2.0)","('exhilarating', 4.5)"
"('muck', 2.0)","('tapestry', 4.5)"
"('rinsing', 2.0)","('garth', 4.5)"
"('malfunction', 2.0)","('fling', 4.5)"
"('pubic', 2.0)","('accomplishment', 4.5)"
"('crook', 2.0)","('hypnotist', 4.5)"
"('racist', 2.0)","('bumble', 4.5)"
"('impatiently', 2.0)","('immortal', 4.5)"
"('billed', 2.0)","('poem', 4.5)"
"('disconnect', 2.0)","('earthiness', 4.5)"
"('falsely', 2.0)","('gush', 4.5)"
"('methinks', 2.0)","('cote', 4.5)"
"('hertz', 2.012987012987013)","('experimented', 4.5)"
"('tablespoon', 2.0208333333333335)","('rejoice', 4.5)"
"('substandard', 2.021276595744681)","('bonbon', 4.5)"
"('filth', 2.024390243902439)","('gene', 4.490196078431373)"
"('tasteless', 2.028328611898017)","('nectar', 4.489795918367347)"
"('unsanitary', 2.032258064516129)","('kat', 4.48936170212766)"
"('blatant', 2.032258064516129)","('yogi', 4.488888888888889)"
"('acknowledge', 2.0347222222222223)","('ana', 4.485714285714286)"
"('fingernail', 2.037037037037037)","('healing', 4.483870967741935)"
"('poorly', 2.0404858299595143)","('charismatic', 4.481481481481482)"
"('shoddy', 2.0434782608695654)","('highly', 4.481437329700272)"
"('hastily', 2.0454545454545454)","('competitively', 4.48)"
"('hostile', 2.0454545454545454)","('troy', 4.47887323943662)"
"('scold', 2.0526315789473686)","('hooked', 4.477148080438757)"
"('indifference', 2.0555555555555554)","('hiker', 4.476190476190476)"
"('pitiful', 2.0555555555555554)","('paolo', 4.473684210526316)"
"('shrug', 2.057142857142857)","('insight', 4.472727272727273)"
"('blatantly', 2.06)","('phenomenal', 4.472332015810276)"
"('interrupted', 2.0602409638554215)","('helpfulness', 4.470588235294118)"
"('aggressively', 2.0606060606060606)","('tribal', 4.470588235294118)"
"('unedible', 2.0625)","('emporium', 4.470588235294118)"
"('hateful', 2.0625)","('cycling', 4.470588235294118)"
"('unwilling', 2.064516129032258)","('suckling', 4.470588235294118)"
"('fecal', 2.066666666666667)","('indulgent', 4.470588235294118)"
"('serial', 2.066666666666667)","('frit', 4.470588235294118)"
"('aggravation', 2.0689655172413794)","('drool', 4.46875)"
"('impolite', 2.0714285714285716)","('seamlessly', 4.46875)"
"('ungrateful', 2.0714285714285716)","('pampered', 4.4672897196261685)"
"('flavorless', 2.077244258872651)","('tango', 4.466666666666667)"
"('downhill', 2.081168831168831)","('gorgeously', 4.466666666666667)"
"('horrid', 2.082706766917293)","('trotter', 4.466666666666667)"
"('empathy', 2.0833333333333335)","('seater', 4.466666666666667)"
"('collateral', 2.0833333333333335)","('centerpiece', 4.465116279069767)"
"('unfriendly', 2.0886524822695036)","('ingenious', 4.464285714285714)"
"('denominator', 2.090909090909091)","('cobra', 4.461538461538462)"
"('unpaid', 2.090909090909091)","('painless', 4.461538461538462)"
"('rational', 2.090909090909091)","('anesthesia', 4.461538461538462)"
"('cox', 2.0921052631578947)","('inspirational', 4.461538461538462)"
"('sewage', 2.0943396226415096)","('spooning', 4.461538461538462)"
"('sternly', 2.1)","('esoteric', 4.461538461538462)"
"('spat', 2.1)","('talented', 4.460106382978723)"
"('catastrophe', 2.1)","('trustworthy', 4.458823529411765)"
"('delusional', 2.1)","('electrician', 4.458333333333333)"
"('scab', 2.1)","('utmost', 4.458333333333333)"
"('liability', 2.1)","('taffy', 4.458333333333333)"
"('laughable', 2.1)","('soho', 4.458333333333333)"
"('helpless', 2.1)","('roofing', 4.458333333333333)"
"('unseasoned', 2.1)","('awesomely', 4.4576271186440675)"
"('horrendous', 2.106145251396648)","('impeccable', 4.457593688362919)"
"('waste', 2.10857908847185)","('snowflake', 4.457142857142857)"
"('moldy', 2.109090909090909)","('unpretentious', 4.456140350877193)"
"('prepay', 2.111111111111111)","('knowledgeable', 4.454746136865342)"
"('roach', 2.111842105263158)","('troupe', 4.454545454545454)"
"('clump', 2.1129032258064515)","('simulation', 4.454545454545454)"
"('lousy', 2.1153846153846154)","('moro', 4.454545454545454)"
"('altercation', 2.1176470588235294)","('bushing', 4.454545454545454)"
"('false', 2.119047619047619)","('artful', 4.454545454545454)"
"('budge', 2.12)","('gizzard', 4.454545454545454)"
"('billing', 2.1215469613259668)","('clint', 4.454545454545454)"
"('deception', 2.125)","('kino', 4.454545454545454)"
"('gossiping', 2.125)","('catwalk', 4.454545454545454)"
"('rotting', 2.125)","('delirium', 4.454545454545454)"
"('irate', 2.125)","('marco', 4.453125)"
"('screwing', 2.125)","('intuitive', 4.451612903225806)"
"('mumbling', 2.125)","('awe', 4.450381679389313)"
"('reply', 2.1296296296296298)","('gardener', 4.45)"
"('atrocious', 2.130081300813008)","('alternating', 4.45)"
"('contempt', 2.1333333333333333)","('perfection', 4.449304174950298)"
"('gasket', 2.1333333333333333)","('gardening', 4.448979591836735)"
"('bewildered', 2.1333333333333333)","('kai', 4.445652173913044)"
"('egregious', 2.142857142857143)","('amazing', 4.4450471953998045)"
"('confront', 2.142857142857143)","('degustation', 4.444444444444445)"
"('eatable', 2.142857142857143)","('hangar', 4.444444444444445)"
"('zero', 2.1448189762796503)","('tanner', 4.444444444444445)"
"('uninterested', 2.1451612903225805)","('exemplary', 4.444444444444445)"
"('verbally', 2.1463414634146343)","('preservation', 4.444444444444445)"
"('iris', 2.15)","('restrain', 4.444444444444445)"
"('inept', 2.15)","('photography', 4.440366972477064)"
"('unattentive', 2.15)","('archery', 4.44)"
"('disbelief', 2.152542372881356)","('bonsai', 4.44)"
"('snide', 2.1538461538461537)","('addicted', 4.4393939393939394)"
"('jagged', 2.1538461538461537)","('meticulously', 4.439024390243903)"
"('bait', 2.1538461538461537)","('thoughtfully', 4.439024390243903)"
"('disgust', 2.156862745098039)","('blemish', 4.4375)"
"('blandness', 2.1578947368421053)","('mouthwash', 4.4375)"
"('inefficient', 2.16)","('vaulted', 4.4375)"
"('unorganized', 2.160377358490566)","('personalize', 4.4375)"
"('investigation', 2.161290322580645)","('submarine', 4.4375)"
"('gnat', 2.1666666666666665)","('wellness', 4.436619718309859)"
"('confrontation', 2.1666666666666665)","('awesomeness', 4.436241610738255)"
"('parasite', 2.1666666666666665)","('barry', 4.435897435897436)"
"('translucent', 2.1666666666666665)","('poetry', 4.4324324324324325)"
"('unsuspecting', 2.1724137931034484)","('heavenly', 4.4317718940936865)"
"('tepid', 2.1739130434782608)","('alan', 4.431372549019608)"
"('nastiness', 2.176470588235294)","('lovingly', 4.428571428571429)"
"('retard', 2.176470588235294)","('thoughtfulness', 4.428571428571429)"
"('blob', 2.1785714285714284)","('reed', 4.428571428571429)"
"('slop', 2.1785714285714284)","('uplifting', 4.428571428571429)"
"('reschedule', 2.1797752808988764)","('goulash', 4.428571428571429)"
"('reconcile', 2.1818181818181817)","('sharable', 4.428571428571429)"
"('unfolded', 2.1818181818181817)","('savored', 4.428571428571429)"
"('coldly', 2.1818181818181817)","('delectably', 4.428571428571429)"
"('explicitly', 2.1818181818181817)","('chanterelle', 4.428571428571429)"
"('lint', 2.1818181818181817)","('crag', 4.428571428571429)"
"('surveillance', 2.1818181818181817)","('immaculate', 4.427350427350428)"
"('incapable', 2.1818181818181817)","('informative', 4.426506024096385)"
"('worse', 2.1844540407156074)","('mindful', 4.424242424242424)"
"('yee', 2.1875)","('superb', 4.422273781902552)"
"('mower', 2.1875)","('thorough', 4.421739130434783)"
"('violation', 2.1911764705882355)","('bliss', 4.4206896551724135)"
"('cuticle', 2.1914893617021276)","('pomme', 4.42)"
"('disinterested', 2.19672131147541)","('blessed', 4.4186046511627906)"
"('nonchalant', 2.2)","('hydraulic', 4.416666666666667)"
"('unemployed', 2.2)","('asymmetrical', 4.416666666666667)"
"('revolting', 2.2)","('jordan', 4.416666666666667)"
"('smug', 2.2)","('lounger', 4.416666666666667)"
"('nausea', 2.2)","('congratulate', 4.416666666666667)"
"('sympathize', 2.2)","('rend', 4.416666666666667)"
"('immature', 2.2058823529411766)","('impersonation', 4.416666666666667)"
"('representative', 2.2071428571428573)","('envious', 4.416666666666667)"
"('particle', 2.210526315789474)","('retractable', 4.416666666666667)"
"('unkempt', 2.210526315789474)","('lam', 4.416666666666667)"
"('useless', 2.2138364779874213)","('insightful', 4.416666666666667)"
"('pleading', 2.2142857142857144)","('candlelight', 4.416666666666667)"
"('belligerent', 2.217391304347826)","('author', 4.413793103448276)"
"('vomit', 2.220183486238532)","('bookshop', 4.413793103448276)"
"('screwed', 2.220532319391635)","('lily', 4.413333333333333)"
"('investigating', 2.2222222222222223)","('delectable', 4.413249211356467)"
"('boycott', 2.2222222222222223)","('royalty', 4.413043478260869)"
"('untrained', 2.2222222222222223)","('raja', 4.411764705882353)"
"('publicly', 2.2222222222222223)","('colin', 4.411764705882353)"
"('dismal', 2.2238805970149254)","('kinky', 4.411764705882353)"
"('worthless', 2.225806451612903)","('heaven', 4.410295230885692)"
"('contracted', 2.227272727272727)","('chia', 4.409090909090909)"
"('incorrect', 2.2289156626506026)","('ambassador', 4.409090909090909)"
"('invoice', 2.230769230769231)","('seth', 4.409090909090909)"
"('poor', 2.2322330097087377)","('woohoo', 4.406976744186046)"
"('dump', 2.232415902140673)","('scrumptious', 4.405109489051095)"
"('horribly', 2.2327586206896552)","('butler', 4.404255319148936)"
"('visibly', 2.2333333333333334)","('persona', 4.4)"
"('proceeds', 2.2336448598130842)","('majestic', 4.4)"
"('slopped', 2.235294117647059)","('sermon', 4.4)"
"('threatening', 2.236842105263158)","('canon', 4.4)"
"('thirdly', 2.238095238095238)","('turquoise', 4.4)"
"('broom', 2.238095238095238)","('victor', 4.4)"
"('turd', 2.24)","('eloquent', 4.4)"
"('unresponsive', 2.24)","('poco', 4.4)"
"('lukewarm', 2.240740740740741)","('inhale', 4.4)"
"('utility', 2.242424242424242)","('sphere', 4.4)"
"('jackass', 2.242424242424242)","('newton', 4.4)"
"('bogus', 2.2439024390243905)","('shading', 4.4)"
"('permission', 2.2452830188679247)","('eucalyptus', 4.4)"
"('cursory', 2.25)","('excelente', 4.4)"
"('alliance', 2.25)","('phenomenally', 4.4)"
"('pretended', 2.25)","('woven', 4.4)"
"('unsatisfactory', 2.25)","('otherworldly', 4.4)"
"('troubling', 2.25)","('outlaw', 4.4)"
"('cancellation', 2.25)","('nigori', 4.4)"
"('tipper', 2.25)","('chimney', 4.4)"
"('overcharge', 2.25)","('overture', 4.4)"
"('ugh', 2.2532751091703056)","('sift', 4.4)"
"('apologize', 2.2554744525547443)","('chalet', 4.4)"
"('sarcastic', 2.257142857142857)","('chauffeur', 4.4)"
"('improperly', 2.2580645161290325)","('selfishly', 4.4)"
"('urine', 2.2588235294117647)","('neighborly', 4.4)"
"('marginal', 2.260869565217391)","('onwards', 4.4)"
"('acknowledged', 2.2615384615384615)","('cinch', 4.4)"
"('semblance', 2.263157894736842)","('ped', 4.4)"
"('ryder', 2.263157894736842)","('joyfully', 4.4)"
"('remake', 2.264367816091954)","('peripheral', 4.4)"
"('lease', 2.2660944206008584)","('obsession', 4.397590361445783)"
"('rape', 2.2666666666666666)","('heartbeat', 4.396946564885496)"
"('medic', 2.2666666666666666)","('collectible', 4.394736842105263)"
"('unsatisfying', 2.269230769230769)","('pied', 4.394736842105263)"
"('hag', 2.272727272727273)","('humidor', 4.393939393939394)"
"('flinch', 2.272727272727273)","('inspiration', 4.391891891891892)"
"('uneven', 2.274074074074074)","('oolong', 4.391304347826087)"
"('vile', 2.2777777777777777)","('fantastic', 4.391092225369846)"
"('curled', 2.2777777777777777)","('communicative', 4.388888888888889)"
"('deceptive', 2.2777777777777777)","('emotionally', 4.388888888888889)"
"('upset', 2.279126213592233)","('smitten', 4.388888888888889)"
"('dreadful', 2.283333333333333)","('scrambler', 4.388888888888889)"
"('embarrassment', 2.2857142857142856)","('regent', 4.387096774193548)"
"('blaming', 2.2857142857142856)","('unobtrusive', 4.387096774193548)"
"('obese', 2.2857142857142856)","('scorpion', 4.386363636363637)"
"('inconsiderate', 2.2857142857142856)","('divine', 4.38477366255144)"
"('insect', 2.2857142857142856)","('tailor', 4.384615384615385)"
"('muttering', 2.2857142857142856)","('muffler', 4.384615384615385)"
"('meanwhile', 2.2868217054263567)","('tam', 4.384615384615385)"
"('unappetizing', 2.287037037037037)","('stuffiness', 4.384615384615385)"
"('cocky', 2.2903225806451615)","('monastery', 4.384615384615385)"
"('murky', 2.2916666666666665)","('naughty', 4.384615384615385)"
"('regulation', 2.2916666666666665)","('beagle', 4.384615384615385)"
"('flawed', 2.2941176470588234)","('eclipse', 4.384615384615385)"
"('racial', 2.2941176470588234)","('zink', 4.384615384615385)"
"('haphazard', 2.2941176470588234)","('increment', 4.384615384615385)"
"('virus', 2.2962962962962963)","('escolar', 4.384615384615385)"
"('mealy', 2.2962962962962963)","('marcel', 4.384615384615385)"
"('response', 2.2970168612191957)","('strenuous', 4.384615384615385)"
"('floret', 2.3)","('explorer', 4.384615384615385)"
"('dreg', 2.3)","('wonderful', 4.3821022727272725)"
"('ghastly', 2.3)","('magnificent', 4.381502890173411)"
"('moot', 2.3)","('quilt', 4.380952380952381)"
"('unwashed', 2.3)","('whoo', 4.380952380952381)"
"('sedan', 2.3)","('hale', 4.380952380952381)"
"('projectile', 2.3)","('fern', 4.380952380952381)"
"('stitching', 2.3)","('midwife', 4.380952380952381)"
"('humiliating', 2.3)","('lance', 4.380952380952381)"
"('protest', 2.3043478260869565)","('feminine', 4.380952380952381)"
"('nasty', 2.306648575305292)","('poncho', 4.380952380952381)"
"('untouched', 2.3066666666666666)","('fetish', 4.380952380952381)"
"('frustration', 2.3068181818181817)","('fabulous', 4.380104712041885)"
"('omen', 2.3076923076923075)","('thoughtful', 4.378378378378378)"
"('artificially', 2.3076923076923075)","('bravo', 4.375)"
"('notified', 2.308333333333333)","('escalade', 4.375)"
"('gross', 2.309049079754601)","('homeowner', 4.375)"
"('miserably', 2.3095238095238093)","('unanimous', 4.375)"
"('ruined', 2.3104631217838767)","('invigorating', 4.375)"
"('responsibility', 2.3115942028985508)","('dieter', 4.375)"
"('enemy', 2.3137254901960786)","('sumac', 4.375)"
"('incident', 2.3137254901960786)","('wonderfully', 4.373219373219373)"
"('airway', 2.3140495867768593)","('perfect', 4.372985581000848)"
"('incorrectly', 2.317073170731707)","('playful', 4.372093023255814)"
"('ambulance', 2.3181818181818183)","('spotless', 4.371727748691099)"
"('arriba', 2.3181818181818183)","('praline', 4.37037037037037)"
"('rip', 2.32)","('dreamy', 4.369565217391305)"
"('rust', 2.3214285714285716)","('skilled', 4.369127516778524)"
"('stolen', 2.3254437869822486)","('kuge', 4.368421052631579)"
"('expiration', 2.3285714285714287)","('intricate', 4.36734693877551)"
"('bluntly', 2.3333333333333335)","('impeccably', 4.36734693877551)"
"('idiotic', 2.3333333333333335)","('symphony', 4.367088607594937)"
"('inserted', 2.3333333333333335)","('vert', 4.366666666666666)"
"('haggard', 2.3333333333333335)","('rigorous', 4.363636363636363)"
"('accountability', 2.3333333333333335)","('neurologist', 4.363636363636363)"
"('sickly', 2.3333333333333335)","('tamara', 4.363636363636363)"
"('meaningless', 2.3333333333333335)","('agreeable', 4.363636363636363)"
"('berger', 2.3333333333333335)","('discipline', 4.363636363636363)"
"('disheartening', 2.3333333333333335)","('environmental', 4.363636363636363)"
"('rampant', 2.3333333333333335)","('apex', 4.363636363636363)"
"('unwelcome', 2.3333333333333335)","('poundcake', 4.363636363636363)"
"('abnormal', 2.3333333333333335)","('delicioso', 4.363636363636363)"
"('caller', 2.3333333333333335)","('cowgate', 4.363636363636363)"
"('receipt', 2.3342175066313)","('taproom', 4.363636363636363)"
"('failure', 2.3359375)","('secondhand', 4.363636363636363)"
"('stale', 2.3366174055829227)","('inception', 4.363636363636363)"
"('admitted', 2.3407407407407406)","('harmonious', 4.363636363636363)"
"('wasted', 2.342042755344418)","('longue', 4.363636363636363)"
"('sympathy', 2.3448275862068964)","('baxter', 4.363636363636363)"
"('dissatisfied', 2.3457943925233646)","('soprano', 4.363636363636363)"
"('moron', 2.3472222222222223)","('rival', 4.3630573248407645)"
"('slimy', 2.347826086956522)","('piccolo', 4.36)"
"('rag', 2.3506493506493507)","('generosity', 4.36)"
"('contract', 2.351585014409222)","('awesome', 4.3597170019898295)"
"('repeated', 2.352112676056338)","('helmet', 4.359375)"
"('inexperienced', 2.352272727272727)","('kindness', 4.359223300970874)"
"('manager', 2.3527186761229313)","('sensory', 4.358974358974359)"
"('inconvenience', 2.3555555555555556)","('poodle', 4.357142857142857)"
"('solicited', 2.357142857142857)","('botanical', 4.357142857142857)"
"('knowingly', 2.357142857142857)","('chant', 4.357142857142857)"
"('choke', 2.358490566037736)","('sod', 4.357142857142857)"
"('inattentive', 2.3594771241830066)","('morocco', 4.357142857142857)"
"('sandpaper', 2.3636363636363638)","('ease', 4.356608478802992)"
"('shatter', 2.3636363636363638)","('savor', 4.3565891472868215)"
"('lawsuit', 2.3636363636363638)","('brett', 4.354838709677419)"
"('childish', 2.3636363636363638)","('heartily', 4.354838709677419)"
"('reiterated', 2.3636363636363638)","('aerial', 4.354838709677419)"
"('illegally', 2.3636363636363638)","('parasol', 4.352941176470588)"
"('drainage', 2.3684210526315788)","('flawlessly', 4.352941176470588)"
"('discernible', 2.3684210526315788)","('mobility', 4.352941176470588)"
"('threat', 2.3684210526315788)","('wod', 4.352941176470588)"
"('scowl', 2.3684210526315788)","('pillowy', 4.352941176470588)"
"('lackadaisical', 2.3684210526315788)","('coed', 4.352941176470588)"
"('hideous', 2.369565217391304)","('beautifully', 4.351270553064275)"
"('bleeding', 2.371794871794872)","('disappoint', 4.350462487153135)"
"('inform', 2.372448979591837)","('skyscraper', 4.35)"
"('dehydration', 2.375)","('savoy', 4.348837209302325)"
"('loudly', 2.385869565217391)","('captivating', 4.3478260869565215)"
"('inappropriately', 2.388888888888889)","('masterfully', 4.3478260869565215)"
"('decal', 2.388888888888889)","('addiction', 4.347222222222222)"
"('parcel', 2.391304347826087)","('demonstration', 4.34375)"
"('intelligence', 2.391304347826087)","('luscious', 4.343283582089552)"
"('ing', 2.391304347826087)","('happiness', 4.342105263157895)"
"('policy', 2.3914956011730206)","('artistic', 4.341463414634147)"
"('faulty', 2.393939393939394)","('graham', 4.341269841269841)"
"('yelling', 2.3958868894601544)","('ville', 4.339285714285714)"
"('nope', 2.398422090729783)","('marvelous', 4.337349397590361)"
"('redeem', 2.3986013986013988)","('rob', 4.333333333333333)"
"('swab', 2.4)","('genuinely', 4.333333333333333)"
"('contraction', 2.4)","('compost', 4.333333333333333)"
"('erased', 2.4)","('conscientious', 4.333333333333333)"
"('fooling', 2.4)","('incomparable', 4.333333333333333)"
"('unforgivable', 2.4)","('listener', 4.333333333333333)"
"('unexciting', 2.4)","('formation', 4.333333333333333)"
"('wristlet', 2.4)","('fearful', 4.333333333333333)"
"('browning', 2.4)","('hydrate', 4.333333333333333)"
"('unfairly', 2.4)","('omega', 4.333333333333333)"
"('robbery', 2.4)","('intensity', 4.333333333333333)"
"('pumice', 2.4)","('presto', 4.333333333333333)"
"('runaround', 2.4)","('ode', 4.333333333333333)"
"('viscous', 2.4)","('invasion', 4.333333333333333)"
"('leathery', 2.4)","('wonderland', 4.333333333333333)"
"('dissatisfaction', 2.40625)","('autograph', 4.333333333333333)"
"('mildew', 2.4074074074074074)","('sourness', 4.333333333333333)"
"('profanity', 2.4074074074074074)","('martial', 4.333333333333333)"
"('grime', 2.409090909090909)","('sponsor', 4.333333333333333)"
"('musty', 2.4107142857142856)","('razz', 4.333333333333333)"
"('invisible', 2.411764705882353)","('briny', 4.333333333333333)"
"('unanswered', 2.411764705882353)","('onyx', 4.333333333333333)"
"('miserable', 2.4123711340206184)","('clockwork', 4.333333333333333)"
"('unimpressive', 2.4130434782608696)","('corking', 4.333333333333333)"
"('mediocre', 2.414161996943454)","('cuttlefish', 4.333333333333333)"
"('existent', 2.414285714285714)","('kafta', 4.333333333333333)"
"('lumpy', 2.4146341463414633)","('quartet', 4.333333333333333)"
"('edible', 2.415559772296015)","('resistant', 4.333333333333333)"
"('gristly', 2.4166666666666665)","('budding', 4.333333333333333)"
"('fatal', 2.4166666666666665)","('antler', 4.333333333333333)"
"('notification', 2.4166666666666665)","('vita', 4.333333333333333)"
"('agony', 2.4166666666666665)","('overtone', 4.333333333333333)"
"('lopsided', 2.4166666666666665)","('playtime', 4.333333333333333)"
"('crumpled', 2.4166666666666665)","('hemp', 4.333333333333333)"
"('behavior', 2.4170616113744074)","('inaugural', 4.333333333333333)"
"('unhappy', 2.4192439862542954)","('notch', 4.33181522446324)"
"('operator', 2.422222222222222)","('grateful', 4.330882352941177)"
